PIQP,OSQP,SCS,PROXQP,GUROBI,MOSEK
0.0,4.3478260869565215,4.3478260869565215,12.318840579710146,6.521739130434782,5.072463768115942
