PIQP,OSQP,SCS,PROXQP,GUROBI,MOSEK
0.0,3.6231884057971016,7.971014492753622,12.318840579710146,6.521739130434782,15.217391304347828
