PIQP,OSQP,SCS,PROXQP,GUROBI,MOSEK
1.0,7.554054851960147,11.383101050194858,31.722510636600525,6.720707010683727,5.291534536479758
