PIQP,OSQP,SCS,PROXQP,GUROBI,MOSEK
1.0,7.176059474988882,15.552377650371305,27.233804261833374,6.592540793441899,18.66053062983179
