PIQP_high,OSQP_high,SCS_high,PROXQP_high,GUROBI_high,MOSEK_high
0.7246376811594203,30.434782608695656,23.18840579710145,22.463768115942027,26.811594202898554,75.36231884057972
