PIQP_high,OSQP_high,SCS_high,PROXQP_high,GUROBI_high,MOSEK_high
1.0,42.01652160779883,32.92258538868569,28.664141324715903,22.502201526106372,287.64112272562164
